id,recommandations
56d87c8bdabfae2eee45fce6,558bf6dc0cf20e727d0f4b1c 53e9aab0b7602d970342da1d 53e9b403b7602d9703ef5d92 53e9bb23b7602d970475d3f4 53e9ab37b7602d97034c4455 558b3daa84ae84d265c246c1 53e9bb6cb7602d97047ae537 53e9aba4b7602d970354e033 558c197f84ae6766fdf10bdc 53e9bcc5b7602d97049479c2 53e9a06db7602d9702953252 53e9b2ccb7602d9703d794b0 53e9aa09b7602d9703377fec 53e9b254b7602d9703cf75f5 53e9ab48b7602d97034dcba5 53e99ce0b7602d9702597c76 53e9aa10b7602d970337f51e 53e99ba2b7602d9702448634 53e9ab69b7602d970350aaa0 53e9aebcb7602d97038e4188
53e9b7d9b7602d9704389448,56d81390dabfae2eee62543c 53e9b2f9b7602d9703db802e 53e9b60db7602d9704160535 53e9b857b7602d970441c4d8 53e9ae22b7602d9703835237 53e9b75ab7602d97042fd5af 53e9ba9ab7602d97046c21dc 53e99ae2b7602d970236838a 53e9bb86b7602d97047ce8c6 53e9a42cb7602d9702d4a5db 53e9b153b7602d9703bd99ed 53e9a11cb7602d9702a0e652 53e9ba60b7602d970467a2bb 53e9b2aab7602d9703d5221f 557f18916fee0fe990caebcf 53e9ab55b7602d97034e6fac 558a9da7e4b0b32fcb37d87f 53e99e6ab7602d970272ee1b 53e9bd4bb7602d97049d8f41 53e99c04b7602d97024b1d56
53e99e04b7602d97026ca90e,558bef2ce4b00c3c48df5012 558b6b40e4b031bae1fd4a25 53e9b62db7602d9704184ddc 53e9a58bb7602d9702eb2214 53e99b94b7602d97024397ac 53e99b1bb7602d97023b2c7a 53e9b708b7602d970429edd1 53e9a952b7602d97032a720b 53e9b36cb7602d9703e4d59b 53e9b69eb7602d9704215e5a 53e9a327b7602d9702c331db 53e9b61bb7602d970416fb52 53e9b7adb7602d9704353e29 53e9b3efb7602d9703ee234d 53e99fd0b7602d97028aa89d 53e9b7bab7602d97043632d1 53e9b6cbb7602d9704259258 53e9b3c1b7602d9703eabb1c 558c90b2e4b0cfb70a1e66a0 53e9bc32b7602d97048a2da4
53e9b32bb7602d9703dfdacf,53e9a97bb7602d97032d37a4 53e99b43b7602d97023e3915 53e9b565b7602d97040a130e 53e9a2f3b7602d9702bfda11 53e9b61bb7602d9704173601 53e9982cb7602d970204e432 53e9b4c3b7602d9703fde08c 53e99aacb7602d97023267eb 53e9b30ab7602d9703dcdc89 53e9b790b7602d9704335ccb 53e9b268b7602d9703d0d3dd 53e9a238b7602d9702b3f2cf 53e99a9fb7602d970231797f 53e9a833b7602d970317db69 53e99db1b7602d970266d400 53e9b19bb7602d9703c24306 53e99d2fb7602d97025e5be7 53e9b9fbb7602d97045f75db 53e9b97db7602d970456fb39 53e9a727b7602d970305bbaa
53e9b9adb7602d970459ef8c,53e99b63b7602d9702406def 53e9a480b7602d9702d9b7d1 53e9a562b7602d9702e875b8 53e9a26ab7602d9702b71511 53e9be57b7602d9704b19652 53e9ab73b7602d97035195f0 53e9bde9b7602d9704a9c590 53e9b6cbb7602d9704255ef1 53e9b923b7602d970450adc9 53e9a289b7602d9702b8f511 53e9be27b7602d9704ae159d 53e99ab2b7602d970232c88f 53e9acaeb7602d970368f2da 53e9a472b7602d9702d8e7c9 53e9acdab7602d97036b8659 53e9bbd5b7602d97048279da 53e99df7b7602d97026ba544 53e9a281b7602d9702b8881c 53e9a9a9b7602d9703306836 53e9b9a6b7602d9704597c14
53e99f27b7602d97027f57ba,53e99b21b7602d97023b7ae6 53e9a8b7b7602d970320406d 53e99a2fb7602d970228dd7e 53e9b9c7b7602d97045bbfed 53e99809b7602d970201fd44 53e99a5cb7602d97022c47f3 53e9b4eeb7602d9704017809 53e9a76db7602d97030a4b28 53e9a2a5b7602d9702bb02a4 53e9b27bb7602d9703d22daa 53e9b4f9b7602d970402674e 53e9b755b7602d97042f56f6 53e99832b7602d97020575fe 53e9bdcdb7602d9704a7d241 53e9aa2bb7602d970339915a 53e9aeb7b7602d97038dd1fc 53e9ae84b7602d970389fdfd 53e9bd23b7602d97049af66c 53e9a335b7602d9702c40676 53e9aa5cb7602d97033c934e
53e9b8b4b7602d9704491ff9,53e9b790b7602d9704335ccb 53e9a2f3b7602d9702bfda11 53e9b19bb7602d9703c24306 53e9b9fbb7602d97045f75db 53e99db1b7602d970266d400 53e9ba54b7602d97046702d0 53e99b26b7602d97023be62a 53e99853b7602d970208b294 53e9b4c3b7602d9703fde08c 53e9982cb7602d970204e432 53e9bc61b7602d97048dc9d3 53e9b30ab7602d9703dcdc89 53e99b21b7602d97023babee 53e99fe9b7602d97028c791a 53e99d2fb7602d97025e5be7 53e9ab97b7602d9703541686 53e9b61bb7602d9704173601 53e99c21b7602d97024cfdbc 53e9b422b7602d9703f1adea 53e9a610b7602d9702f3c86c
53e9b783b7602d970432a895,53e9ad6cb7602d9703759f65 53e9b9f5b7602d97045f26e1 53e9a423b7602d9702d3c75d 53e9b923b7602d970450adc9 53e9b01db7602d9703a7a9ba 53e9a026b7602d9702909637 53e9ba0bb7602d970460ad7f 53e99a67b7602d97022d3360 53e9b0fbb7602d9703b77c63 53e9b55eb7602d970409a274 53e9a178b7602d9702a6796c 53e9a7ffb7602d9703143628 599c7b71601a182cd273962d 53e9a289b7602d9702b8f511 53e9b062b7602d9703aca26c 53e99ecbb7602d9702798cf5 53e99e13b7602d97026d9953 53e9b437b7602d9703f32a0c 53e9b4e9b7602d9704014b94 53e998f0b7602d970212c9a5
5c7831c34895d9cbc6848983,53e9acb5b7602d970368f924 53e9bbe0b7602d9704831026 5c7bfe124895d9cbc6c2571f 53e9af6eb7602d97039ae492 573696176e3b12023e529b43 53e99c91b7602d970254043e 53e9a82cb7602d97031766e6 53e9b463b7602d9703f6097a 53e9acaeb7602d9703689eca 53e9b0fbb7602d9703b792c9 53e999adb7602d97021f14cc 53e9a480b7602d9702d9feca 53e9aaa3b7602d970341b39b 53e99b2cb7602d97023c9c1a 53e9b5afb7602d97040f6fb1 53e9bbb5b7602d97047fe492 53e9acaeb7602d9703689d7f 53e9b469b7602d9703f690f8 53e99d1ab7602d97025ce3c8 56d81391dabfae2eee625faf
53e9a108b7602d97029f5b5b,53e9a50fb7602d9702e310a0 53e99d81b7602d970264045a 53e9a14db7602d9702a3ecde 53e9a1d5b7602d9702ad13b0 53e9b797b7602d970433f505 53e9bb08b7602d970474038c 53e9b4a1b7602d9703fae92b 53e9b061b7602d9703ac76b7 53e9a71fb7602d970305372d 53e9bb23b7602d970475fdd3 53e9a618b7602d9702f47690 53e9aea3b7602d97038c4ec4 53e9b483b7602d9703f88bf0 53e9a194b7602d9702a84547 53e9accbb7602d97036a83c9 53e9a1b6b7602d9702aaeda4 53e99f4fb7602d970282269d 53e9ab5ab7602d97034f4372 53e99c1ab7602d97024c9a72 53e99ac4b7602d970234594e
53e99e61b7602d97027265ca,53e9a855b7602d97031a1c84 53e9bb29b7602d9704765eaf 53e9ac21b7602d97035e0685 53e9ba7db7602d970469fd32 53e99a1fb7602d9702273aaa 53e9ba28b7602d97046301c9 53e9b338b7602d9703e0d33c 53e9b689b7602d97041f874f 53e99dccb7602d970268d916 53e9a37ab7602d9702c8ab6f 53e9aaf4b7602d97034780f1 53e9a86fb7602d97031baeb6 53e9b968b7602d97045591be 53e99e21b7602d97026e8a41 53e9aff5b7602d9703a4dcca 53e9a216b7602d9702b18d72 53e9bb29b7602d970476428f 53e9b68eb7602d97042001bf 53e9a7dcb7602d9703118a9c 53e9b917b7602d97044fbf4d
53e9afccb7602d9703a1fe9a,53e9b495b7602d9703f9df9a 53e99875b7602d97020ad369 53e9b221b7602d9703cb7d61 53e9a301b7602d9702c0c32f 53e9a25cb7602d9702b63222 53e9af94b7602d97039e114d 53e9bc80b7602d9704901e3a 53e9b910b7602d97044f67e4 53e9b290b7602d9703d357a5 53e99905b7602d97021421b5 53e9bb36b7602d9704772fb9 53e9aef1b7602d970391fdd2 53e9b51bb7602d970404a928 53e9b839b7602d97043f5386 53e9b01db7602d9703a7a96d 53e9a1e7b7602d9702ae6478 53e9b873b7602d970443eacb 53e9a255b7602d9702b5d6c2 53e99d51b7602d9702606bda 53e9b3b2b7602d9703e974b0
53e9adc7b7602d97037cc176,53e9ad56b7602d970373e1f4 53e9b098b7602d9703b01ce3 53e9ac4eb7602d970362027b 5550453645ce0a409eb54938 53e99a5cb7602d97022c8799 53e99ffcb7602d97028e072b 53e9af26b7602d970395dfa0 53e9b89bb7602d9704475e77 53e9afb3b7602d9703a021f9 53e9a554b7602d9702e7806d 53e99e61b7602d9702724d63 53e9a5beb7602d9702eeb0c0 53e9bd3fb7602d97049cd858 558b11aae4b031bae1fb5902 558b343984ae84d265c21069 53e9ae3cb7602d97038554eb 53e9ab6eb7602d970350c1dd 53e9ab00b7602d9703480827 53e9a60ab7602d9702f38654 53e9a806b7602d9703148879
53e99884b7602d97020bafb2,53e9b180b7602d9703c074f3 53e9a049b7602d970292dacf 558c535ee4b00c3c48e1a3ad 53e9b8e8b7602d97044cae87 53e9b4bab7602d9703fd41d4 53e9b381b7602d9703e61a20 53e99c59b7602d9702509212 53e99f86b7602d970285d4bd 53e9bb1cb7602d9704758738 558b5b55e4b031bae1fcefd7 53e99baab7602d970244f31d 558bf7fde4b00c3c48df83a6 53e9a4b2b7602d9702dd494f 53e9b641b7602d970419e242 558b3da184ae84d265c24689 53e9a6e6b7602d970301839a 53e9a15bb7602d9702a4d468 53e99d88b7602d970264785f 53e9af6eb7602d97039ae94c 53e9b3e2b7602d9703ecd90d
53e99c12b7602d97024beb8f,53e9a973b7602d97032cb0b6 53e9983db7602d97020677a2 599c7eef601a182cd28da10a 53e99cd2b7602d9702585b72 53e99809b7602d970201ca26 53e9ae6fb7602d970388ac43 53e9b43db7602d9703f388dc 53e9a7d5b7602d970311480d 53e9bce8b7602d970496cd31 53e99ecab7602d9702797260 53e9a0adb7602d9702996637 53e9a9a2b7602d97032fd805 53e9aee4b7602d970390ed60 53e9aa4fb7602d97033bfd34 56d84a01dabfae2eeecd7295 53e9b5e6b7602d970413a3f8 53e9ab07b7602d970348dd61 53e99e9ab7602d97027625a3 53e9a4c0b7602d9702de31e6 558abd0ae4b0b32fcb3891f6
53e9a0e6b7602d97029cda7c,53e9ab9eb7602d97035479a9 53e9a81fb7602d9703165bb9 53e9b0ccb7602d9703b46e95 53e9aaa3b7602d970341f8e4 53e9a4aab7602d9702dc73d9 558a41d0e4b031bae1f6918f 53e9b0abb7602d9703b1a070 53e99fa9b7602d970287eb4b 53e99b26b7602d97023bf826 53e9ae2eb7602d9703842b6b 53e9a718b7602d970304f0bd 53e9a5f6b7602d9702f25e89 53e9a3e7b7602d9702cfebc6 53e9b2bfb7602d9703d6cbd2 558a610ee4b031bae1f7494a 53e9b7e8b7602d970439aaf9 53e9a751b7602d9703087403 558c0788e4b02b9f07a4aa93 53e9bd0bb7602d9704995dd6 53e9b55eb7602d970409835d
53e9adb6b7602d97037b52c4,53e9a091b7602d9702976478 53e9984fb7602d9702084500 53e99a67b7602d97022d7a1c 53e9992ab7602d9702165e28 53e9a36db7602d9702c7619d 53e9b56cb7602d97040a5649 53e9bb36b7602d9704771d0c 53e9b108b7602d9703b86ee4 53e9b408b7602d9703efaa6d 53e9a539b7602d9702e5b5c0 53e9a123b7602d9702a14579 53e9af81b7602d97039c56aa 53e9aa4fb7602d97033beba2 53e99eedb7602d97027b6a35 53e9b4d4b7602d9703ff45df 53e9af46b7602d9703983b2d 53e9a952b7602d97032aa281 53e9b9b4b7602d97045aa61f 53e9b233b7602d9703ccc832 53e99967b7602d97021a7ec8
53e99f86b7602d970285d4bd,558c535ee4b00c3c48e1a3ad 558b5b55e4b031bae1fcefd7 53e9b381b7602d9703e61a20 53e9b180b7602d9703c074f3 53e9a049b7602d970292dacf 53e9a15bb7602d9702a4d468 53e9a4b2b7602d9702dd494f 53e9a735b7602d970306cac5 53e9b8e8b7602d97044cae87 53e9bb1cb7602d9704758738 558b5b5fe4b031bae1fcf01f 53e99884b7602d97020bafb2 53e99c59b7602d9702509212 53e9b4bab7602d9703fd41d4 53e9bc80b7602d97048ff46d 558b3da184ae84d265c24689 53e9b641b7602d970419e242 53e9b3e2b7602d9703ecd90d 53e9b8c1b7602d970449f14f 53e9bca5b7602d9704921f8c
53e9b581b7602d97040c217e,53e9aeebb7602d970391a938 53e99baab7602d970244e81f 53e9aca1b7602d970367ffb3 53e99fafb7602d97028877be 53e99a0ab7602d9702257c9d 53e9bd7bb7602d9704a209b5 53e9a7d5b7602d97031137b2 53e99dc5b7602d9702686eee 53e99ffcb7602d97028df863 53e9a839b7602d9703186553 53e9b2c6b7602d9703d71629 53e9a8c5b7602d97032176c5 53e9b5afb7602d97040f9549 53e9a0c2b7602d97029aa355 53e99cedb7602d97025a2da5 53e9ba0bb7602d970460d3a3 53e9b01cb7602d9703a73d29 53e9a9f0b7602d9703358242 53e9bb94b7602d97047ddf54 53e9a2dcb7602d9702be579d
5550410d45ce0a409eb383d5,5550416c45ce0a409eb3b280 5550415645ce0a409eb3a6ac 5736960c6e3b12023e51f973 5550418245ce0a409eb3bf02 5550417745ce0a409eb3b909 573697846e3b12023e66a6e0 5550415845ce0a409eb3a7a0 5550411745ce0a409eb38785 573697826e3b12023e6690c2 56d92e81dabfae2eeeeb62cc 573697826e3b12023e669567 5550410f45ce0a409eb384d6 573696ce6e3b12023e5ce96d 573696f46e3b12023e5f1686 573696da6e3b12023e5d9748 5550416c45ce0a409eb3b239 573696106e3b12023e522444 5736960c6e3b12023e51f45a 573696056e3b12023e518e76 573696f46e3b12023e5f12b5
53e9b6dbb7602d9704267f6c,53e9a9e6b7602d9703349df1 53e9a3b3b7602d9702cc2930 53e9bd24b7602d97049b05a6 53e99f78b7602d970284fc98 53e9988cb7602d97020c6a90 53e9a19ab7602d9702a8ccf1 53e9b2f4b7602d9703db0024 53e9bafbb7602d9704736331 53e9b2bfb7602d9703d6aefe 53e9ac38b7602d97035fe0df 53e9a11bb7602d9702a08f97 53e9b90ab7602d97044ed315 53e998a3b7602d97020dc1fb 53e9b189b7602d9703c12391 53e9b281b7602d9703d26465 53e9b5b6b7602d97040fa7a1 53e9bd04b7602d970498bf25 53e9ab00b7602d9703482526 53e9a223b7602d9702b25309 53e9aa15b7602d970337fea7
53e9a8aab7602d97031f7590,53e9b260b7602d9703d060a3 53e9ba05b7602d9704608b14 53e9a07ab7602d9702962e16 53e99b26b7602d97023c1f72 53e9ae17b7602d970382775d 53e9b2e0b7602d9703d96c1a 53e9a995b7602d97032f0d44 53e9b6a2b7602d9704218901 53e9b5dab7602d9704128270 558a3879e4b037c08755da8e 53e9b708b7602d970429ed29 558a5e31e4b037c08756b708 558a71cee4b0b32fcb36d95c 53e9b6dcb7602d970426c914 558aaa95e4b031bae1f8f4dc 53e9babab7602d97046e740d 53e9ae22b7602d9703837a8f 5550462e45ce0a409eb5c99a 53e99915b7602d970214f007 53e99acab7602d9702348872
53e99f28b7602d97027f771d,53e9b4abb7602d9703fbe34c 53e9b495b7602d9703f9e234 53e9a981b7602d97032dcc6f 53e9baa7b7602d97046d444f 53e9b890b7602d97044616e5 53e99885b7602d97020bfaa1 53e9aa3ab7602d97033a4cfb 53e9ae90b7602d97038b4610 53e9a309b7602d9702c15150 53e9a35fb7602d9702c6870e 53e99f94b7602d9702867e8d 53e9a8d4b7602d9703222663 53e9ab69b7602d970350a881 53e9b153b7602d9703bd8f9a 53e99ca8b7602d9702558f12 53e9b55eb7602d970409a35d 53e99cd8b7602d970258b4af 53e9bba7b7602d97047f250c 53e99c36b7602d97024e371f 53e9bab4b7602d97046e2451
53e9abf1b7602d97035ae3e8,53e99a0ab7602d97022581c4 53e9ab73b7602d97035168db 53e9af26b7602d970395eef2 53e99a85b7602d97022f7433 53e9ae1cb7602d970382a664 53e99f48b7602d970281a8b2 53e99a6eb7602d97022dff8c 53e9a1edb7602d9702aea837 53e9ab6fb7602d970350de9e 53e9aa32b7602d97033a2214 558a5449e4b031bae1f6fc43 53e9a987b7602d97032e46bc 53e9be03b7602d9704ab9bec 53e9b532b7602d9704067780 53e9ac95b7602d970366f3ba 53e9b7c1b7602d970436f2a0 53e9a130b7602d9702a1f06f 53e997f8b7602d9701fff1fc 53e9af94b7602d97039df719 53e9aeb1b7602d97038d87c4
53e9af46b7602d9703982755,53e99a67b7602d97022d34e5 53e99b2cb7602d97023c8e23 53e9b20cb7602d9703ca57f2 53e99e86b7602d970274ded9 53e99b3cb7602d97023dd893 53e9a7ffb7602d9703141dbd 53e9ae49b7602d9703861047 53e9bc79b7602d97048f97ce 53e9b27bb7602d9703d1e934 53e9a8b0b7602d97031fe1e3 53e9ae1cb7602d970382afa0 558a3d84e4b037c08755f716 53e9b360b7602d9703e3a8da 53e9b233b7602d9703cccdd9 53e9a12ab7602d9702a1a7a7 53e9bcfdb7602d9704986314 5c77ec5b4895d9cbc665bdb6 53e9a4e4b7602d9702e05ef8 53e9a4b1b7602d9702dcfee9 53e9bd4bb7602d97049de473
53e99c43b7602d97024f013e,53e9ad6db7602d970375b838 53e9a381b7602d9702c910dc 53e9b326b7602d9703df5863 53e9aacab7602d9703447971 53e9af47b7602d97039888d3 558a6f97e4b037c087572043 53e99af7b7602d9702381a51 53e9ae22b7602d9703836554 53e9a33cb7602d9702c447c2 53e9a49cb7602d9702dbb0ae 56d82a75dabfae2eeef8ff33 53e99bb9b7602d970246392d 53e9b890b7602d97044622f0 53e99c7cb7602d970252a8a4 557dc1bdd19faf961d1639f8 53e9b4f4b7602d970401e4ed 53e99b6ab7602d970240f9fe 53e9bb4bb7602d970478bed4 53e9a381b7602d9702c8f2dc 53e9b67eb7602d97041eab49
53e9bdf6b7602d9704aa8f6c,53e9b976b7602d9704563eb1 53e9be56b7602d9704b15b4a 53e9a27ab7602d9702b7ef3d 53e9b69eb7602d9704216a45 53e9bad0b7602d9704700013 53e9afb9b7602d9703a05d32 53e9b7f5b7602d97043a4573 53e9b1b0b7602d9703c3fdad 53e99876b7602d97020af81e 53e99f19b7602d97027e6989 53e9af40b7602d970397c8d8 5550417945ce0a409eb3ba37 558ab7e3e4b037c08758c003 53e9b954b7602d970453f303 5550412a45ce0a409eb38fbb 53e9a246b7602d9702b4b8cd 53e9a3c1b7602d9702cd2cfd 53e9a8a3b7602d97031efc5e 53e9acc4b7602d97036a45a0 53e9bde2b7602d9704a93b6e
53e9a931b7602d9703284e9d,53e9a3c0b7602d9702cd04fd 53e9bb80b7602d97047c8b08 53e9af26b7602d970395d9b5 53e9aaf3b7602d9703475411 53e9bd92b7602d9704a38154 53e9bd8cb7602d9704a333e8 53e9b2e0b7602d9703d9622f 53e9a113b7602d9702a0155f 53e9a495b7602d9702db5e49 558a3ca9e4b037c08755f2de 53e99e54b7602d9702717b7c 53e998f0b7602d970212dc7a 53e99885b7602d97020c0e45 53e9a091b7602d97029781b5 5c77dbe44895d9cbc65c3ca8 53e9b532b7602d970406a9ba 573696176e3b12023e529efd 53e9b9d4b7602d97045cde8d 53e9a1afb7602d9702aa759f 53e9bd45b7602d97049d1c14
53e9a2c1b7602d9702bccd88,53e9b3b7b7602d9703e9e7ac 53e9b6b4b7602d9704238948 53e999ffb7602d970224a948 53e99e21b7602d97026e7e5e 53e99a7fb7602d97022f12b4 53e9a7b3b7602d97030ed84d 53e9ba17b7602d970461dc12 53e99b0ab7602d970239e04c 53e9aad8b7602d9703454989 53e9b0f4b7602d9703b70fb2 53e99c0bb7602d97024b89b6 53e9a6a6b7602d9702fdb68d 53e99b10b7602d97023a19a2 53e9aa8eb7602d9703406c4b 53e99c8bb7602d970253b9d7 53e9a254b7602d9702b597ce 53e9a58cb7602d9702eb5386 53e99dfeb7602d97026c38d6 53e9a310b7602d9702c1c4c4 53e9bcb3b7602d9704931b6f
53e99b43b7602d97023e1335,53e9b337b7602d9703e08543 53e99a26b7602d970227ecc8 53e9bc8eb7602d970490c862 53e9ac70b7602d97036453fa 53e9a358b7602d9702c65474 53e9af68b7602d97039ad0e4 53e9984fb7602d9702085510 53e9af88b7602d97039d23bd 53e9bc7fb7602d97048fd53d 53e9b21ab7602d9703cafe43 53e9ab69b7602d9703507970 53e9a317b7602d9702c22228 53e99bf0b7602d970249854b 53e99a20b7602d9702277769 53e9aefbb7602d970392b96c 53e9aafab7602d970347b52a 53e9a9d3b7602d97033335eb 53e9b6b9b7602d970424205d 53e9a35fb7602d9702c68628 53e9ac8ab7602d9703663482
53e9a415b7602d9702d2ff8d,53e9a1dbb7602d9702adad64 599c7b70601a182cd2738ebd 53e9b38eb7602d9703e6e769 53e99fe9b7602d97028cb6ea 53e9a67bb7602d9702fac2a6 53e9b593b7602d97040d8dc8 53e9ad6cb7602d9703758c62 53e9ae55b7602d9703871a3a 53e9a343b7602d9702c50d95 53e99b16b7602d97023aa32c 53e9b783b7602d97043282a6 53e9a87eb7602d97031cb3ef 53e99e28b7602d97026ecd00 53e99de8b7602d97026ab4b6 53e9a749b7602d970308256a 53e9a9a2b7602d9703300302 53e99a86b7602d97022fc4f0 53e9b80fb7602d97043c3097 53e9ba32b7602d970463ffc2 53e99842b7602d9702071a49
5c7858774895d9cbc692f6ba,53e9af5ab7602d970399ad84 53e9b9e7b7602d97045e36b5 53e9986eb7602d97020a6389 53e9a169b7602d9702a5b284 53e9b1eab7602d9703c7f96b 53e9b86db7602d9704439d5f 558aeee684ae84d265c07ff4 53e99ac4b7602d970234233b 53e99a9fb7602d970231a8f8 53e9b98ab7602d9704578c9f 558a7bb3e4b037c08757699a 558aaecae4b031bae1f90f6e 53e9ad05b7602d97036e4450 53e9b083b7602d9703aef7cf 53e99c43b7602d97024f09da 53e9b3bcb7602d9703ea6321 53e9b8e9b7602d97044ceee2 53e99ca1b7602d9702553fef 53e99bf0b7602d970249bab8 53e9b2e0b7602d9703d9915b
53e9a09fb7602d9702986add,53e9addbb7602d97037e4da5 558a55d0e4b0b32fcb363380 558ad6fbe4b031bae1f9fd62 53e9af4cb7602d970398c784 53e9b6c4b7602d970424fa0c 53e99e28b7602d97026ebbdf 53e9ba05b7602d97046058b6 558a5052e4b0b32fcb361457 53e9a186b7602d9702a7ae24 53e9b0eeb7602d9703b6c094 53e9bc7fb7602d97048fcd5c 53e9affab7602d9703a50413 53e9adffb7602d970380c0a1 53e99b94b7602d9702439c77 53e9a9fdb7602d9703367b9c 53e99f27b7602d97027f26b0 53e9b4cab7602d9703fe9b2b 53e9af68b7602d97039acfad 53e9b2a3b7602d9703d4d763 573697c06e3b12023e6a16f6
557dc1bdd19faf961d1639f8,53e9a33cb7602d9702c447c2 53e9b83fb7602d97044017e5 53e9b67eb7602d97041eab49 53e9adffb7602d970380a1ac 53e9a957b7602d97032ac2a7 53e9ae22b7602d9703836554 53e9bb4bb7602d970478bed4 53e9a8aab7602d97031f89ee 53e9a99bb7602d97032f4b9c 53e9aacab7602d9703447971 53e9a49cb7602d9702dbb0ae 53e9a97bb7602d97032d2d1e 53e9a4a3b7602d9702dc5f16 53e9b321b7602d9703deddd2 56d81564dabfae2eee6e1277 53e9af0cb7602d9703940b7e 558a5b6be4b037c08756a728 558a443be4b0b32fcb35cc8f 53e9b61bb7602d9704170bdf 53e99c3db7602d97024eee11
53e9a19ab7602d9702a8ccf1,53e9b6dbb7602d9704267f6c 53e9a9e6b7602d9703349df1 53e9bafbb7602d9704736331 53e9b2bfb7602d9703d6aefe 53e9b90ab7602d97044ed315 53e998a3b7602d97020dc1fb 53e99f78b7602d970284fc98 53e9bd24b7602d97049b05a6 53e9b281b7602d9703d26465 53e9988cb7602d97020c6a90 53e9a3b3b7602d9702cc2930 53e9ab00b7602d9703482526 53e9b2f4b7602d9703db0024 53e9ac38b7602d97035fe0df 53e9b5b6b7602d97040fa7a1 53e9a11bb7602d9702a08f97 53e9b303b7602d9703dc6279 53e99e7fb7602d9702741fc6 53e9a223b7602d9702b25309 53e9a25cb7602d9702b63ebb
53e9a885b7602d97031d0feb,53e99c12b7602d97024c20b9 53e99a2fb7602d970228a37b 53e9a05fb7602d9702942f01 53e9bd87b7602d9704a2f372 53e9b09fb7602d9703b085ba 53e99ad7b7602d970235c3d5 53e9b7c7b7602d970437391e 53e9bbe0b7602d970482fc23 53e99d29b7602d97025e01ab 53e9b344b7602d9703e1a12b 53e99b71b7602d97024152c6 53e9b557b7602d9704090e61 53e9a84eb7602d9703195268 53e9bbbcb7602d970480a1b3 53e9a5d3b7602d9702efef14 53e9a25cb7602d9702b65d8b 53e9be09b7602d9704abe386 53e99a85b7602d97022f8a79 53e9a5a1b7602d9702ecd575 53e9b5bcb7602d9704102602
53e9a336b7602d9702c4262f,573696446e3b12023e550944 558a6fede4b0b32fcb36ce4b 558a8dcb84ae84d265be4969 53e9984fb7602d97020853a5 557d9558f6678c77ea21b7d7 53e9b976b7602d9704563c1b 53e9b55eb7602d970409956b 558ac42ee4b031bae1f98cb8 53e9aa49b7602d97033b9b29 53e9a41cb7602d9702d3615e 53e9ac22b7602d97035e4593 558a50bce4b0b32fcb36170f 53e99fafb7602d9702887dba 53e998e8b7602d9702125985 53e99dd3b7602d970269541c 557d9565f6678c77ea21b7dc 53e9ba05b7602d9704607f5c 53e9b1b0b7602d9703c3d900 53e9a8eab7602d97032377e1 53e9b30ab7602d9703dd20bf
53e99cfdb7602d97025b523a,53e998dbb7602d97021180d9 53e9a03bb7602d9702923be3 53e9a0bcb7602d97029a734f 53e99984b7602d97021c5a6c 5a260c4017c44a4ba8a26b47 53e9b05cb7602d9703ac2e4b 53e9acb5b7602d9703690182 53e9abd4b7602d970358aa98 53e9bd81b7602d9704a22256 53e9a8d4b7602d97032244d9 53e99dfeb7602d97026c38d6 53e9aa8eb7602d9703405f08 53e9a32eb7602d9702c3694e 53e99e21b7602d97026e7e5e 53e9b556b7602d970408dda2 53e9b532b7602d9704067d0d 53e9bd55b7602d97049e8dd1 53e9ba65b7602d97046834c9 53e9a0eeb7602d97029d71a6 53e9b428b7602d9703f1ed33
53e9b8a8b7602d97044832df,53e9b344b7602d9703e1d00f 53e9b7a6b7602d9704351874 53e9b5e0b7602d97041330aa 53e9bc21b7602d9704889dd7 53e9a5efb7602d9702f19014 53e99b1bb7602d97023b1ae6 557f98f7f6678c77ea22ae9d 53e99967b7602d97021a86d9 53e997e4b7602d9701fdabc6 53e99c8cb7602d970253f0c5 557ff7b5f6678c77ea22b7d2 53e99b9bb7602d970244194b 53e9be2db7602d9704ae755e 53e99c4bb7602d97024f8a02 558a7896e4b031bae1f7d6b0 53e9b421b7602d9703f16d8e 53e9b4e4b7602d9704009952 53e9a9ebb7602d970334fcdc 53e99b26b7602d97023c0c56 56d81564dabfae2eee6e1181
53e9b9cdb7602d97045c28bb,53e9a37ab7602d9702c86f5b 53e99beab7602d9702491b00 53e9b740b7602d97042d6b42 53e9a627b7602d9702f544ee 53e9b1eab7602d9703c7d739 53e99c52b7602d970250001c 53e9a5efb7602d9702f182b1 53e9af3ab7602d9703978ef2 53e99a3cb7602d9702299620 53e9b7a5b7602d970434d907 53e9b365b7602d9703e45d74 53e9b56cb7602d97040a4edd 53e99a8cb7602d9702300838 53e9a1aeb7602d9702aa3129 53e9a885b7602d97031cfd51 53e9abb9b7602d970356a365 53e99d04b7602d97025b97f4 53e9b6cab7602d97042529b9 53e9a14cb7602d9702a3cece 53e9a255b7602d9702b5d798
53e99838b7602d9702061208,53e9a3b3b7602d9702cc64f9 53e9b822b7602d97043d94e8 53e9ae76b7602d9703896b71 53e99838b7602d9702061921 53e9b61bb7602d970416ff5e 53e9af07b7602d970393fd6a 53e9a6cbb7602d97030020df 53e9ae90b7602d97038b4615 53e9acdab7602d97036b51b7 53e9aa24b7602d9703393cf2 599c7dbb601a182cd284b11a 53e99f3bb7602d970280c43a 53e99a4eb7602d97022b23d2 53e9b331b7602d9703e04d5e 53e9b783b7602d9704329f2c 53e99fc3b7602d970289f9c0 53e9adf6b7602d970380260f 53e99aecb7602d9702377019 53e9a91ab7602d970326d407 53e9b137b7602d9703bb6f6c
558a8bbfe4b037c08757c526,53e9b512b7602d970404594f 53e9b0bcb7602d9703b2faf3 53e9b05cb7602d9703ac0cb5 53e9bbbbb7602d9704804b62 53e99b43b7602d97023e1e00 53e9b45eb7602d9703f5875d 53e9b131b7602d9703bb5002 53e9a291b7602d9702b95c8e 53e9b2d6b7602d9703d85cc9 53e99fe9b7602d97028c87e6 558bda6484ae6766fdef9c4d 53e99e62b7602d9702729633 53e99cd1b7602d970258335b 53e9aab0b7602d9703429e04 53e99ce5b7602d970259ada6 53e9a52bb7602d9702e4ceee 558bb191e4b00c3c48ddf0e6 53e9a317b7602d9702c1eb51 558aaef4e4b031bae1f91065 53e9b80fb7602d97043c155a
53e9aa4fb7602d97033baac3,53e9b3a3b7602d9703e83d4c 53e9abe4b7602d970359df09 53e9a61fb7602d9702f4d929 53e9a99cb7602d97032f8e11 53e9b6fab7602d97042924f5 5736987e6e3b12023e73e0fb 53e9bc00b7602d970485bb84 53e9b089b7602d9703af1d32 53e9bdb9b7602d9704a69784 53e9a8b0b7602d97031ff672 53e9b839b7602d97043f8bff 53e9ba84b7602d97046a6cce 56d81391dabfae2eee625f2f 53e99c28b7602d97024d3f55 53e9b159b7602d9703bdcb79 5c8052924895d9cbc69ac45a 53e9aa23b7602d970338fc4b 5c8d23bc4895d9cbc63ecacd 53e9b49bb7602d9703fa6a77 53e9bbdbb7602d970482d5c4
53e9a0c9b7602d97029b0e7f,53e9a894b7602d97031e37bb 53e9b8f5b7602d97044db716 53e9b3bcb7602d9703ea27a1 53e9b93eb7602d9704529abf 53e9a6b5b7602d9702feb2fe 53e9ab4fb7602d97034e1a0d 53e9b7d9b7602d9704389466 53e9b65bb7602d97041bbb9c 53e9a131b7602d9702a20903 53e9ba7db7602d97046a0f53 53e9a289b7602d9702b8efdb 53e9b601b7602d97041580fe 53e9a6e6b7602d970301c58c 53e9aa86b7602d97033ff204 56d8433edabfae2eee996589 53e99fa8b7602d970287d2a0 53e9a92ab7602d970327ae7b 53e9b666b7602d97041ca7bf 53e9ab90b7602d9703539ae7 53e9b725b7602d97042bd9ef
53e9b029b7602d9703a869ef,53e9a0bbb7602d97029a3ef8 53e9a2ceb7602d9702bd4fef 5c76a12f4895d9cbc6a919cc 53e9b2abb7602d9703d54a8b 53e99e54b7602d9702718307 53e9bd7bb7602d9704a1e62d 53e9b556b7602d970408dd59 53e9b6cbb7602d970425775b 53e9bb0fb7602d9704749b03 53e9a1c2b7602d9702ab7339 53e9b8a8b7602d9704482d39 53e9bbe0b7602d9704834ba1 53e999d8b7602d970221bfe7 53e9bb94b7602d97047dde0f 53e9b884b7602d9704454ff0 53e9b60db7602d9704162719 53e9a317b7602d9702c20812 53e9acf6b7602d97036d3cd1 53e9af46b7602d97039827ec 53e9abc4b7602d970357812c
53e9acb5b7602d9703690193,53e9a011b7602d97028f326b 53e9b7f5b7602d97043a72c5 53e9aa1db7602d970338c992 53e9b895b7602d9704469c87 53e9aeb7b7602d97038dbb78 53e9aeb7b7602d97038ddc5e 53e99c99b7602d970254d8be 53e9a1d5b7602d9702acdfa3 53e99aa6b7602d970231f7d5 53e9b22eb7602d9703ccabc7 53e9a4ebb7602d9702e0be94 53e9b572b7602d97040a9b1e 53e9ae55b7602d970386c75d 53e9bc61b7602d97048d847e 53e9af06b7602d970393ae1f 53e9a058b7602d970293aef8 53e9a80cb7602d970314e00b 53e9aa0fb7602d970337e784 53e99be3b7602d970248f738 53e99a4eb7602d97022ae2a2
53e9a2d5b7602d9702bde130,53e9af3ab7602d9703977a0f 53e9983db7602d9702069c86 53e9b75ab7602d97042fd3d5 53e9a388b7602d9702c96d76 53e99dfeb7602d97026c1c3c 53e9a914b7602d9703268399 53e9bd1eb7602d97049ac1e4 53e9afbab7602d9703a07b69 53e99e80b7602d9702748127 53e9ae2fb7602d970384667c 53e99ac4b7602d97023407fe 53e9a7f7b7602d9703135fe6 53e9b017b7602d9703a6e0b3 53e9aa3ab7602d97033a48a4 53e99d9eb7602d9702659d96 53e9a162b7602d9702a53fda 53e9af75b7602d97039b7241 53e99f12b7602d97027e1beb 53e9ad6cb7602d970375755a 53e99f3bb7602d970280aafb
53e9aa5cb7602d97033ca9ea,53e99f42b7602d97028127e1 53e9a5fdb7602d9702f26bb6 53e9b59ab7602d97040dd308 53e9ab73b7602d9703517105 53e9aaf3b7602d9703475b83 53e9a0a6b7602d970298f26c 53e9acfeb7602d97036df157 53e9b46fb7602d9703f6e604 53e9bd6fb7602d9704a0fa68 53e99827b7602d970204b8a2 5c76ab404895d9cbc6ae04df 53e99ed8b7602d97027a14cd 53e9aa8eb7602d97034045af 53e9b90ab7602d97044eeae1 53e9ad8db7602d9703786568 53e9b9c0b7602d97045b39e4 53e9a6e7b7602d970301f394 53e9ae55b7602d970386f608 53e9b281b7602d9703d25f62 53e9b542b7602d9704076b3c
53e9a246b7602d9702b4dafc,53e99a43b7602d970229fafa 53e9ab1ab7602d97034a0376 53e9b72cb7602d97042c2db7 558b259fe4b0b32fcb3afc82 53e9b29cb7602d9703d43923 558bf68884ae6766fdf043b1 53e99e8bb7602d970274f9df 53e99b31b7602d97023d14c7 53e9b115b7602d9703b92961 53e9b884b7602d9704453290 53e9a914b7602d9703267e35 53e99b1bb7602d97023b45cd 53e9b75ab7602d97042fd5af 53e99ef4b7602d97027c00f8 53e9ba60b7602d970467a2bb 53e9982cb7602d970204e00a 53e9b857b7602d970441c4d8 53e9bb86b7602d97047ce8c6 53e9a9c4b7602d9703321e8c 53e9ae22b7602d9703832d8d
5550462f45ce0a409eb5c9f7,53e9b1bcb7602d9703c4d734 53e9aec4b7602d97038e9578 53e9b4c3b7602d9703fe0ba9 53e9a79eb7602d97030dbb19 573698186e3b12023e6ec707 53e9a8a2b7602d97031ede87 558b21abe4b0b32fcb3ae585 53e9b30ab7602d9703dce773 53e9b8aeb7602d97044879e2 555044b045ce0a409eb500cd 53e9b6fab7602d9704291ffb 558be25de4b0cfb70a1a6284 55503fc345ce0a409eb3010b 53e99f5db7602d9702831684 5550464145ce0a409eb5cf81 555044b145ce0a409eb500d4 573696fe6e3b12023e5f982b 53e9b850b7602d9704411f4e 555044b045ce0a409eb5004e 53e9af06b7602d9703939860
53e9b68db7602d97041fae86,53e99998b7602d97021db83b 53e9bbb5b7602d97047fee95 53e9a3edb7602d9702d084d0 558b0074e4b037c0875a6f19 5736988e6e3b12023e74c222 53e9a388b7602d9702c95868 53e9ab82b7602d970352916e 53e9a34ab7602d9702c5561a 53e9b740b7602d97042d905f 53e9a3bab7602d9702ccbdfe 53e9a308b7602d9702c13e02 53e9b010b7602d9703a6bb6c 53e9b0fbb7602d9703b786cd 53e9a171b7602d9702a5fb0b 53e9aa6eb7602d97033e646c 53e9b521b7602d9704055c8d 53e9bcefb7602d9704973167 53e9a7ddb7602d970311e473 53e9b6a7b7602d97042246f9 53e9a651b7602d9702f84db0
53e9b55db7602d9704097639,53e99e38b7602d97026fc838 53e9b024b7602d9703a81dfa 53e9bbe0b7602d9704834ba1 53e9ae29b7602d970383d506 53e9a7cfb7602d970310ee9b 53e9bd7bb7602d9704a1e62d 53e9acf6b7602d97036d3cd1 53e9a2fab7602d9702c06b42 53e9b27bb7602d9703d23713 53e9b802b7602d97043b6410 53e99daab7602d9702668492 53e9aa5cb7602d97033cc67d 53e9b521b7602d9704055c8d 53e999b4b7602d97021f94f4 53e99b21b7602d97023b4ef8 5c76a12f4895d9cbc6a919cc 53e9a886b7602d97031d69bf 53e9b3d4b7602d9703ec17cb 53e9adf6b7602d9703802035 53e9a8eab7602d9703239a9e
53e9bd5ab7602d97049f4e8f,53e9b775b7602d970431a624 53e9a07ab7602d9702966016 53e9ae17b7602d970382956e 53e9b689b7602d97041f557e 53e9a57db7602d9702ea8eda 53e9a650b7602d9702f805d9 53e99a7fb7602d97022f6132 53e9a914b7602d9703267e35 53e9a620b7602d9702f5113d 53e9a237b7602d9702b3d8fb 53e99b21b7602d97023b5e75 557e7ef16fee0fe990caa075 53e9b05cb7602d9703abef61 53e9a154b7602d9702a49481 53e9b3e2b7602d9703ecf4da 53e9b557b7602d970408e857 599c7f08601a182cd28e5996 53e9a8beb7602d970320e656 53e9a255b7602d9702b5d7bb 53e9b102b7602d9703b80feb
53e9b54ab7602d970408417b,53e9a57cb7602d9702ea5819 53e99ef4b7602d97027c028c 53e9bba1b7602d97047e90b6 53e9b13eb7602d9703bc44f5 53e9b1afb7602d9703c3b9e8 53e9a1f3b7602d9702af8301 53e9ad81b7602d9703777091 53e9a841b7602d970318684f 53e9a26bb7602d9702b722fe 53e999b5b7602d97021fc33a 53e9a635b7602d9702f626d3 53e99edfb7602d97027aa68f 53e9ba11b7602d97046151c9 53e9b260b7602d9703d0374f 53e9a36db7602d9702c78ae4 53e9a570b7602d9702e95487 53e9a2ddb7602d9702beac85 53e9aef7b7602d970392845f 53e9a4b8b7602d9702dda35d 53e9ab82b7602d970352d083
53e99ad7b7602d970235bf16,53e99dc5b7602d97026873ac 53e9b042b7602d9703aa113e 53e9a22cb7602d9702b32c0f 53e9b130b7602d9703bb1714 53e9b5a2b7602d97040ea17f 53e9b350b7602d9703e25b64 53e9b565b7602d970409f3d1 53e9a9deb7602d970333e10b 5550472445ce0a409eb64ce0 53e9a8eab7602d9703239f48 53e9a6cab7602d9702ffcbd9 5550401245ce0a409eb320a9 53e9a825b7602d970316fc9c 53e99c0bb7602d97024ba151 53e9afadb7602d97039fe158 53e9b1b0b7602d9703c3e4f9 53e9b71db7602d97042b8189 53e99ca8b7602d970255655a 53e9a533b7602d9702e556b7 599c7f07601a182cd28e4cd3
53e9bb43b7602d970477ffa3,53e9aa3bb7602d97033aa729 53e9be2eb7602d9704aec7ee 53e99fc2b7602d970289cdd0 53e9b7eeb7602d97043a0679 53e9afbab7602d9703a0b513 53e9b01db7602d9703a79ba8 53e9bd4bb7602d97049dd3ef 53e9a042b7602d9702924d44 53e99cd9b7602d970258fdc1 53e9a4b8b7602d9702dd9765 53e99b16b7602d97023a8da5 53e9b6f4b7602d970428699d 53e9b946b7602d9704533bcd 53e99fbcb7602d9702897e65 53e99876b7602d97020afc7d 53e9bb1cb7602d97047557f5 53e9a3dbb7602d9702cef226 53e9b173b7602d9703bf936c 53e99ca0b7602d9702550e2e 53e9983db7602d9702069b6b
557d29d46feeaa8086da7741,53e9b350b7602d9703e26457 53e99b63b7602d9702406de6 557e22766fee0fe990ca74cd 53e9a042b7602d9702927485 53e99b4ab7602d97023e9733 53e9b984b7602d9704577152 53e9a65fb7602d9702f8d4f3 53e9b260b7602d9703d04724 53e99e13b7602d97026d58c9 53e9aaf4b7602d9703478cb9 53e99a5cb7602d97022c80b9 558387d70cf27a8ef12468b2 53e9ad05b7602d97036e5eab 557e14476fee0fe990ca6d61 53e9aea3b7602d97038c4814 53e9ab32b7602d97034bed62 53e9b247b7602d9703ce8771 53e9a495b7602d9702db3124 53e9ba69b7602d9704687672 557e12506fee0fe990ca6c48
53e9b04eb7602d9703ab33b5,558bf6b084ae6766fdf044b0 53e9aaa3b7602d970341b52c 558c07cee4b02b9f07a4ac71 53e9adf0b7602d97037f74b5 53e99d0bb7602d97025be4cc 53e9aaecb7602d970346cca1 56d815c7dabfae2eee709698 558bf69284ae6766fdf043ee 53e9bcc5b7602d970494637e 557dced06fee0fe990ca47da 558bf6ac84ae6766fdf04499 53e9b699b7602d970420d92d 53e9a8bdb7602d970320bb24 53e9b1ffb7602d9703c98745 557d7a82d19faf961d1610b1 53e9adc8b7602d97037d1c92 557ddf176fee0fe990ca51bd 53e99bc0b7602d9702468003 53e9b0eeb7602d9703b6c413 557cf3faf667eeed561954c4
53e99aabb7602d970232438e,53e9b181b7602d9703c0bcad 558a91e8e4b037c08757e8a7 53e99b71b7602d9702415e0d 53e9b40eb7602d9703f01598 53e9a343b7602d9702c4d35c 53e9b87fb7602d970444f8e2 53e9b9bab7602d97045b0352 53e9a7f1b7602d9703135c63 53e99e3eb7602d9702701dda 53e9af39b7602d9703973919 53e9aee4b7602d97039115f1 53e99f5cb7602d970282d0bc 53e9ad5db7602d9703746399 53e9a9a9b7602d9703309bf1 53e9b78ab7602d970432f3cb 53e9bbfbb7602d97048582f1 53e9bc05b7602d9704862bc6 558ae83ce4b031bae1fa643a 53e9b213b7602d9703caac47 53e9bbb5b7602d9704800161
53e99fc3b7602d970289f9c0,53e9acdab7602d97036b51b7 53e9addbb7602d97037e3267 53e9b783b7602d9704329f2c 53e99f3bb7602d970280c43a 53e99aecb7602d9702377019 53e9ae2eb7602d9703843459 53e9ab20b7602d97034a7a1a 53e99aecb7602d9702376fc9 53e997edb7602d9701fed91c 53e9ace2b7602d97036bfcd8 599c7ccc601a182cd27da1e4 53e9b137b7602d9703bb6f6c 53e9ac54b7602d9703623055 53e9a5d3b7602d9702eff45b 53e9ae43b7602d970385c041 53e9b443b7602d9703f3caa0 53e9aa24b7602d9703393cf2 53e9b78ab7602d9704333b9c 53e9ae04b7602d970380ccc3 53e9b5edb7602d970413bb15
53e99a7fb7602d97022f5abb,53e9b374b7602d9703e56e22 53e9b016b7602d9703a6c8ab 53e9adb6b7602d97037b5403 53e9a374b7602d9702c7d66f 53e99c28b7602d97024d46f5 53e9983db7602d9702068016 53e9baf2b7602d9704723c25 53e99da4b7602d9702661513 53e9a603b7602d9702f348f6 53e9b61bb7602d9704171ec7 53e9bafbb7602d970473470a 53e9ae75b7602d9703890685 558a340584ae84d265bc3481 53e9a1c3b7602d9702abc4e7 53e99f27b7602d97027f6676 53e99841b7602d970206a713 53e9b130b7602d9703baeba8 53e9b22db7602d9703cc5233 53e9bb3eb7602d970477ee58 557cf3ecf667eeed561954b6
53e9a4c8b7602d9702deb7c3,53e9abd4b7602d970358b58b 53e9a60ab7602d9702f3714f 53e9a5e2b7602d9702f0f3e8 53e9b56cb7602d97040a77a0 53e9b33db7602d9703e0fa1e 53e9a472b7602d9702d8e6c9 53e9b557b7602d9704090aa2 53e9b6f4b7602d970428858a 53e99dd3b7602d9702695a63 558ab44de4b0b32fcb385e96 53e9af99b7602d97039e3cb5 53e999fab7602d970223fba3 53e9aca1b7602d970367f463 53e997ecb7602d9701fe74be 53e9b797b7602d970433fc35 53e9a1bcb7602d9702ab0f0b 53e99e1ab7602d97026dd88e 53e99f2eb7602d97027fdf12 53e9b6c4b7602d970424ab96 53e9981db7602d970203d7bc
5c77cda44895d9cbc653da6f,53e9999eb7602d97021e6266 53e9a163b7602d9702a57a19 53e99d4bb7602d9702601db1 558a3171e4b031bae1f63343 53e9b7e8b7602d9704399b3a 53e9b8d4b7602d97044b689f 53e9aa33b7602d97033a40f5 53e9b797b7602d970433c9c3 53e9ad8db7602d9703787f5a 53e99cd1b7602d970258335b 53e9ab13b7602d9703498c99 558a786ae4b031bae1f7d5b8 53e9ba23b7602d970462b733 53e99ce5b7602d970259ada6 53e9aa1db7602d97033898a9 53e9a26ab7602d9702b6f498 53e99800b7602d970201255e 558c0703e4b00c3c48dfd42a 53e9b1aab7602d9703c39848 53e99fe9b7602d97028c87e6
53e9b565b7602d970409e806,53e9ab31b7602d97034bafed 557e9364f6678c77ea223f96 53e9ada5b7602d97037a426f 53e9ab0db7602d970349055a 53e99dc5b7602d9702689c89 53e99e04b7602d97026c6bc2 53e9b577b7602d97040b3464 53e99d36b7602d97025ec312 558a49b8e4b031bae1f6c064 558a93c984ae84d265be69df 558a9d4684ae84d265bea211 53e9a2ddb7602d9702bea5ff 53e9b666b7602d97041c6b86 557e7a696fee0fe990ca9e2f 53e9bb36b7602d97047717a7 53e9a0b5b7602d970299e03a 53e9989bb7602d97020d14e0 5550462945ce0a409eb5c793 56d85f3bdabfae2eee6ef0c8 53e9af75b7602d97039b924d
53e9a396b7602d9702ca540a,53e9a32db7602d9702c34461 53e9bd64b7602d97049fe925 53e9b443b7602d9703f3d669 558c0704e4b0cfb70a1b352f 53e9b4bab7602d9703fd1b98 53e9a02db7602d97029123fd 53e9b9b4b7602d97045a5324 53e9a554b7602d9702e77171 53e9ad8db7602d9703781d62 53e9a3cdb7602d9702ce39d0 53e9b7d3b7602d9704383cda 53e999a5b7602d97021e83e4 53e99ceeb7602d97025a46e5 53e9ad68b7602d97037507d1 53e99b0ab7602d970239b81b 53e9a877b7602d97031c4f4c 53e9a98eb7602d97032eb50c 558c06d5e4b0cfb70a1b33c2 53e9ba39b7602d97046481d2 53e99cd1b7602d9702582300
53e99915b7602d970214f75c,53e9a5beb7602d9702eea8db 53e9b19cb7602d9703c2a692 53e9b94db7602d970453bc95 53e99937b7602d9702174aa8 53e99d57b7602d970260fc00 558a29bfe4b0b32fcb353246 5583e7f60cf2a1f3dc49cd08 557d0097f667eeed561960f1 5583cda40cf2a1f3dc49c17a 53e9aad2b7602d9703452a52 557dad11d19faf961d162d7a 53e9a877b7602d97031c4acf 558a2a3be4b037c087558964 53e9a6c3b7602d9702ff5bbc 53e99b7fb7602d970242949c 53e9a301b7602d9702c0f17b 53e9aed1b7602d97038f80e2 557f5c6dd19faf961d170a19 53e99a48b7602d97022a8836 53e9a9e6b7602d970334bf12
53e99ad7b7602d9702359cc0,558a532684ae84d265bcedcb 53e9b3eeb7602d9703edbd05 53e99cb5b7602d9702568a42 53e9ae1cb7602d970382afa0 53e9a627b7602d9702f5305e 53e99fd0b7602d97028add23 53e9af46b7602d9703982755 53e9b360b7602d9703e3a8da 53e9a7ffb7602d9703141dbd 53e9bcfdb7602d9704986314 53e9b6fab7602d9704291f6c 53e9a4e4b7602d9702e05ef8 53e99c59b7602d970250bcf9 53e99e31b7602d97026f77ef 53e9a8ccb7602d970321d25c 53e9b6b0b7602d970423187a 53e9b7eeb7602d970439c080 53e99b3cb7602d97023dd893 53e9a4b8b7602d9702dd6703 53e998f0b7602d970212cc8f
558a2d93e4b037c087559ad0,53e9bb29b7602d97047660ff 53e9b60eb7602d97041654a0 557fced9f6678c77ea22b418 53e9b14cb7602d9703bd1ebc 53e99ba2b7602d970244774c 557ea881f6678c77ea224a0b 53e9b213b7602d9703ca86ce 53e9ade2b7602d97037e9942 53e99bd5b7602d9702481970 53e9abc9b7602d970357ed3d 53e9a1aeb7602d9702aa17f2 53e9a3cdb7602d9702cddaf0 53e9b206b7602d9703c9f40d 53e9a500b7602d9702e1eef2 557f1699d19faf961d16eb72 53e9b51bb7602d970405116e 53e9a53ab7602d9702e5f933 558a2d97e4b037c087559ae6 558a3aa6e4b031bae1f667a0 53e9a720b7602d97030566d6
53e9a77bb7602d97030b32e9,53e9b844b7602d9704407dcf 53e99fc9b7602d97028a5c97 53e9b762b7602d970430873d 53e9b998b7602d97045892c3 53e9af81b7602d97039c70ef 558a3ca8e4b037c08755f2da 53e9a743b7602d970307aa66 53e9a310b7602d9702c1b627 53e99ed1b7602d970279c5a1 53e9ac54b7602d9703624504 53e9afeeb7602d9703a41e6d 53e998f6b7602d970213418b 53e99c84b7602d970253584f 53e9b614b7602d9704168cc6 53e9b98ab7602d970457c198 53e9a131b7602d9702a2149f 53e9b4e9b7602d9704011808 53e9a5f0b7602d9702f1b3f9 53e99af7b7602d970238767d 53e9ba17b7602d970461c645
53e9bd92b7602d9704a37dd1,5c04967517c44a2c7470908e 53e9ab14b7602d970349ac81 599c7df7601a182cd286939a 53e9b21ab7602d9703cb4412 53e9b6fab7602d9704292a57 53e9b30ab7602d9703dd0697 53e9afadb7602d97039fd246 53e9b628b7602d9704182f34 5c77e87e4895d9cbc663143b 53e99853b7602d970208891f 53e9a893b7602d97031dfe7e 53e99e86b7602d970274db74 53e9adf6b7602d97037febd3 53e9ab69b7602d970350b4df 53e9ac39b7602d9703603c0c 53e9996eb7602d97021ae467 53e9a495b7602d9702db316e 53e9aed7b7602d97038ff56d 53e9a657b7602d9702f860ca 53e9a89cb7602d97031eafc0
53e9b4ceb7602d9703fed7f3,53e9baadb7602d97046dae3d 53e99d65b7602d9702622df3 5c77d1594895d9cbc655bcd1 53e9ae49b7602d9703861047 53e9be6bb7602d9704b2c5e7 53e9a584b7602d9702eaa7ad 53e9b20cb7602d9703ca57f2 56d8138fdabfae2eee624f95 53e999adb7602d97021f2de8 53e99d80b7602d97026396ae 53e99a67b7602d97022d34e5 53e9bb5ab7602d9704799431 53e9b6f4b7602d970428858a 53e9a208b7602d9702b0b9ae 53e9a49cb7602d9702dbabd3 53e9bbe5b7602d970483cb4d 53e99dd3b7602d9702695a63 53e9ac8fb7602d97036644c8 53e9af26b7602d970395e26f 558a3d84e4b037c08755f716
53e9987db7602d97020b51c2,53e99a5cb7602d97022c7461 53e9bc36b7602d97048a98fd 53e9bb53b7602d970479267a 53e99d87b7602d97026433db 53e99c52b7602d9702503fae 53e9a5beb7602d9702ee4c1d 53e9a1dbb7602d9702ad73e4 53e9a21db7602d9702b242c7 53e9b8c7b7602d97044a879c 53e99d74b7602d970262decb 53e9b275b7602d9703d16a18 53e9ae7db7602d970389d3e2 53e9b098b7602d9703affd1f 53e9b5dab7602d9704129fbc 53e9a52cb7602d9702e4ee89 53e9aaa3b7602d970341f8ba 53e9b895b7602d970446ebe6 53e9a72eb7602d9703067878 53e99b1bb7602d97023b1cea 53e9bbb5b7602d97047fdaf4
53e9bc4eb7602d97048c791c,53e99ce6b7602d970259f215 53e9b9e7b7602d97045e4f0a 53e9b3e2b7602d9703ed25ff 53e9a711b7602d970304a241 53e9a6d1b7602d9703008976 53e9a9b0b7602d970330c3b6 53e99803b7602d9702013d67 53e9a381b7602d9702c8d631 599c7e3a601a182cd28866f1 53e9ba28b7602d9704634315 53e9a6e7b7602d970301f23f 53e9a825b7602d970316ee4c 53e99dfeb7602d97026bf3f9 53e99af7b7602d9702382e9d 53e9b8bab7602d9704496795 53e99b2cb7602d97023c6d6e 53e9a5dbb7602d9702f074a2 53e9bb2fb7602d970476de19 56d87b9fdabfae2eee3fbae8 53e99930b7602d970216bfc1
53e9adbdb7602d97037be0f7,53e9bb5ab7602d970479ad8e 53e9a3b3b7602d9702cc3fae 53e99a14b7602d9702265db4 53e99f41b7602d970280f1cf 53e9a524b7602d9702e45d12 5c774d304895d9cbc6e4642b 53e9b5a1b7602d97040e5f1f 53e9a825b7602d9703170604 53e99d8fb7602d970264e914 53e9bb66b7602d97047a5136 53e99d44b7602d97025f969c 5c7873c74895d9cbc69f13df 53e99fc2b7602d970289c030 53e9b10fb7602d9703b8e93c 53e9a5a1b7602d9702ecd77f 53e99ea0b7602d970276a54a 53e9ba38b7602d970464727b 53e9a9a2b7602d97032fe6af 53e9a2d5b7602d9702bdebde 53e99867b7602d97020a33c0
53e9bd37b7602d97049c2a98,53e99a49b7602d97022aa04e 5a73cb4217c44a0b3035620c 53e9b0fbb7602d9703b793b0 53e99832b7602d97020575fe 53e99f34b7602d9702801541 53e9a02db7602d970291396c 53e9b755b7602d97042f56f6 53e9a645b7602d9702f765bb 53e9ba45b7602d970465844c 53e9aa49b7602d97033ba3e3 53e99a2fb7602d970228dd7e 53e9ad26b7602d97037051a8 53e9aa2bb7602d970339915a 53e9b4eeb7602d9704017809 53e9ab25b7602d97034b0bae 53e9bdcdb7602d9704a7d241 53e9b4f9b7602d970402674e 53e99a2ab7602d97022835bc 53e99ab2b7602d970232e422 53e9a0c3b7602d97029ab146
53e99cd8b7602d970258dc3c,53e9bd9eb7602d9704a48c77 53e99c3db7602d97024ecb5a 573695846e3b12023e4a50f6 53e9be28b7602d9704ae30d1 53e9b6a2b7602d970421bafd 53e9a360b7602d9702c6e5f3 573696176e3b12023e529e8f 53e9b587b7602d97040c9c25 53e9a603b7602d9702f34868 53e9b22db7602d9703cc6e2f 53e9b51bb7602d970404cc46 53e9a495b7602d9702db2414 53e9a138b7602d9702a2b788 53e99d0cb7602d97025c08cb 53e9a06db7602d9702953938 53e9b783b7602d970432c649 53e9a7c1b7602d9703102508 53e9b9a6b7602d9704596b71 53e9bb8db7602d97047d5d12 53e99e7fb7602d97027445a0
53e9aa1db7602d9703387e0e,53e9b4eeb7602d9704017e6d 53e9a00ab7602d97028eae8e 53e9b87fb7602d970444c3b3 53e9aa2cb7602d970339d069 53e99d36b7602d97025ebc74 56d812afdabfae2eee5cdf14 53e99cf5b7602d97025ac9a0 53e9a974b7602d97032cdaa4 558ae39ae4b031bae1fa495d 53e9b839b7602d97043f91a5 558aa8f5e4b031bae1f8eb74 599c7f09601a182cd28e6107 53e9b732b7602d97042cb5cd 53e9ba6ab7602d970468a78b 558ac056e4b0b32fcb38a643 53e9a900b7602d9703252b9f 53e99924b7602d9702162d28 53e9b0e6b7602d9703b5f347 53e9b7f5b7602d97043a6734 53e99930b7602d970216bced
53e9a965b7602d97032c10df,53e9b46fb7602d9703f6e83d 53e9983db7602d9702064c91 53e9b1d1b7602d9703c62e29 53e9987db7602d97020b58b9 53e9af33b7602d970396c557 53e99c0bb7602d97024ba8d3 53e9a3b9b7602d9702cc9623 53e9a4b2b7602d9702dd5228 53e9bb1cb7602d9704754355 53e99f9bb7602d970287226d 53e9b260b7602d9703d04d46 53e9af33b7602d970396dbe4 53e9aee4b7602d970391261e 53e99a26b7602d970227e4e6 53e99b10b7602d97023a4f9b 53e9b56cb7602d97040a3b17 53e9ab5fb7602d97034f652d 558a7d84e4b037c08757747f 53e99f2db7602d97027f945d 53e9a6d8b7602d970300ccdb
53e9a863b7602d97031ad2ca,53e99c84b7602d97025347d6 53e9abceb7602d970358099f 53e9afadb7602d97039fd948 53e99b1bb7602d97023ae4ca 53e9ab3eb7602d97034cd0de 53e9aa8eb7602d9703405cc5 53e9adb6b7602d97037bb4db 53e99846b7602d97020753f2 53e99a7fb7602d97022f50bf 558a3d70e4b0b32fcb35a4a0 53e9b66cb7602d97041d0955 53e9b13eb7602d9703bbe276 53e9b532b7602d9704067678 53e9a98eb7602d97032e7d0a 558bbba6e4b02b9f07a2f297 53e9ad48b7602d970373083e 5550446545ce0a409eb4d48e 53e9af2db7602d970396b971 53e99821b7602d970203e719 53e99d8fb7602d970264eeae
53e9b1c2b7602d9703c5093a,53e9b2d1b7602d9703d7d132 53e9afb3b7602d9703a01c83 53e9bc48b7602d97048bf7be 53e9a3e1b7602d9702cf3d18 53e9981db7602d970203956b 53e9bc9eb7602d9704920dbc 53e99c84b7602d970253890e 53e9b891b7602d9704467da8 53e9bc9eb7602d9704920518 558bc47ce4b00c3c48de5adb 558baff684ae6766fdeea7c0 53e9b672b7602d97041d80ce 558c5f0384ae6766fdf2b0d9 53e9ab7eb7602d97035284a8 53e9af1fb7602d9703956923 53e9bd59b7602d97049f2b4a 53e9afefb7602d9703a4633f 53e99eedb7602d97027b6216 558b33cee4b0b32fcb3b4db6 53e9a060b7602d9702947dfb
558aeaece4b0b32fcb39a708,53e99938b7602d9702178752 53e9ace1b7602d97036bd3d9 53e99867b7602d97020a3ce5 53e9b96fb7602d970455ef63 558a3681e4b037c08755ced0 53e99a49b7602d97022ac941 53e99e8cb7602d97027526d2 53e9a12ab7602d9702a1d4f8 53e9b1c9b7602d9703c5b3bf 53e9a223b7602d9702b25f76 53e99b4ab7602d97023e9967 53e99967b7602d97021a7f23 53e9a922b7602d9703277dec 53e9a36db7602d9702c76000 53e9afa6b7602d97039f62e3 53e9b1cab7602d9703c5d025 53e99967b7602d97021a7f24 53e9af12b7602d9703948c43 53e9b5afb7602d97040f4e69 53e9be65b7602d9704b26cb4
53e9a1d0b7602d9702acbbc8,53e9bb8cb7602d97047d4397 53e9a131b7602d9702a23328 53e9a224b7602d9702b27191 53e9b26eb7602d9703d0fd28 53e9a8f2b7602d9703243182 56d8c638dabfae2eee4fa5e7 558ac0bee4b0b32fcb38a89e 53e9b867b7602d97044335fd 53e99d8eb7602d97026490fc 53e99e86b7602d970274f342 53e9a667b7602d9702f98d05 53e99d87b7602d9702640c95 53e9a89cb7602d97031eb8d5 558adeeee4b031bae1fa2bb1 558a5379e4b031bae1f6f7a0 53e9a36db7602d9702c7aa54 53e9b82eb7602d97043e57e7 53e9a0adb7602d9702993471 53e99cf5b7602d97025aa261 53e9b6a7b7602d9704222af0
53e9afc0b7602d9703a10ada,53e99beab7602d97024914b6 558a8b3b84ae84d265be3af6 53e9a14db7602d9702a40850 558a31dae4b0b32fcb355fea 53e9b8bab7602d97044994fb 53e9b0d8b7602d9703b52a8f 56d81956dabfae2eee887cc8 53e9a9beb7602d970331e93c 53e9bc80b7602d9704901493 53e9bd04b7602d970498baca 53e9ad18b7602d97036fabe3 53e9b600b7602d97041521fe 53e9bbf5b7602d9704850934 53e9b195b7602d9703c1d276 53e99f35b7602d97028060d9 53e9b93eb7602d9704528d50 53e99b30b7602d97023cd725 53e9b3cdb7602d9703eb7ddb 53e99d0cb7602d97025c2d56 53e9ac76b7602d970364b844
53e99a8cb7602d97023045d2,53e99dc5b7602d9702688f28 53e9ad11b7602d97036ef83e 56d8155cdabfae2eee6dd938 53e99ad7b7602d970235bd8d 53e9baecb7602d970471a80b 53e9be27b7602d9704ae114d 53e9af47b7602d97039876e4 53e9a576b7602d9702e9fd97 5c77c1c54895d9cbc64dc85a 53e9b12ab7602d9703ba9694 5580543af6678c77ea22c142 53e9af26b7602d970395e233 53e9bb0eb7602d9704746bd0 53e99d58b7602d9702611ace 53e9983db7602d9702068e93 53e998f0b7602d970212b4d2 53e9b483b7602d9703f85b78 5c7867394895d9cbc69ac459 53e9ad4eb7602d9703731d25 53e99800b7602d970200d11e
53e9ba76b7602d970469569e,53e9b991b7602d9704580dcd 53e9ae69b7602d9703886599 53e9a841b7602d970318ae1e 53e99940b7602d970217d3aa 53e99dccb7602d970268f505 53e99930b7602d970216af9f 53e99e8cb7602d9702752604 53e9ad63b7602d9703748af0 53e9b8d4b7602d97044b46aa 53e9b850b7602d9704411d84 53e9bc97b7602d970491866a 53e9b26fb7602d9703d14bf7 555045c845ce0a409eb5968d 53e9b74fb7602d97042ecf4c 56d8b503dabfae2eee0112c0 53e99baab7602d9702453601 53e9b56cb7602d97040a71d8 53e9ab7eb7602d97035243e1 53e99a2fb7602d970228ce7e 53e9a343b7602d9702c50da3
53e9a297b7602d9702b9c00d,573697826e3b12023e669992 53e99a85b7602d97022f6c7b 53e9a216b7602d9702b191db 53e9b67db7602d97041e7b45 558a335fe4b0b32fcb3568d7 53e9bc80b7602d9704900782 53e99e04b7602d97026c6542 53e9abbeb7602d970356ec77 53e9abdab7602d97035948b8 53e9b89bb7602d9704471a37 53e9ba70b7602d9704694156 53e99924b7602d9702160e00 53e9afadb7602d97039fe249 53e99dabb7602d970266c5a3 53e99b8db7602d970243828b 599c7f08601a182cd28e560d 53e9afadb7602d97039fe254 53e9bc9eb7602d97049200d0 53e9b042b7602d9703aa3a08 558a9c3ee4b037c087582479
53e9b8bab7602d9704496ffb,53e9b7c7b7602d97043717eb 56d8ab1bdabfae2eeeb39f61 53e9ba95b7602d97046bff4f 56d8c77bdabfae2eee59c9f4 53e9af2db7602d970396bdb7 53e9b1a3b7602d9703c31533 53e9b062b7602d9703ac90c5 53e9b0f4b7602d9703b70fb2 5c776a6c4895d9cbc6075037 53e9ba22b7602d9704628711 53e9a472b7602d9702d8ffe4 53e9b21ab7602d9703cb2acb 53e9aab0b7602d970342a003 53e9a660b7602d9702f933de 53e9b93eb7602d97045282cf 53e9ad72b7602d97037632e2 53e9b9fbb7602d97045f9cf8 53e99c4bb7602d97024fcd03 53e9a711b7602d9703048a59 53e9ad42b7602d9703728eba
53e9a480b7602d9702d9b2f0,53e9b4ceb7602d9703feb1ed 53e9b9edb7602d97045e7572 53e9a0dfb7602d97029ccb09 53e9ba76b7602d9704696f64 53e9b7e7b7602d970439550b 53e99d21b7602d97025d5edd 558ad3a5e4b0b32fcb391a22 53e99813b7602d970202ea00 53e9a13fb7602d9702a2d088 53e9aab0b7602d97034295fb 53e998a3b7602d97020dc1d2 53e9b04eb7602d9703aaef6c 53e9ba59b7602d9704670faa 53e9b3fdb7602d9703ef102e 53e9baecb7602d970471e59c 53e9b7f5b7602d97043a500a 53e9a162b7602d9702a55dfe 53e99b21b7602d97023b5e96 53e9a7ffb7602d97031441e0 53e99d28b7602d97025dc235
53e9b2eab7602d9703da593d,53e9a29db7602d9702ba4f5f 53e998a9b7602d97020e22fb 557d9133d19faf961d161d6b 53e9b1afb7602d9703c39fb6 53e9afc7b7602d9703a17fe1 53e9a1e1b7602d9702adc156 53e9ab32b7602d97034bf32b 53e9999eb7602d97021e7296 53e9b4fab7602d970402be6f 53e9a757b7602d970308faa9 53e9b470b7602d9703f734d7 53e9abe0b7602d970359c5da 53e9a114b7602d9702a04c7c 557d03def667eeed56196439 53e99b04b7602d9702392ff3 53e9a9d9b7602d970333d542 53e99a85b7602d97022f8da5 558b148ce4b0b32fcb3aa114 53e9aa61b7602d97033d5aeb 5736958c6e3b12023e4aca3a
53e9aa7ab7602d97033f4293,53e99ec3b7602d970278b4f4 53e9aa95b7602d970340beb7 53e9abf6b7602d97035b4238 53e99c2fb7602d97024dc85f 53e9b413b7602d9703f0b69b 53e9a8f1b7602d9703241211 53e9a5e2b7602d9702f0bc19 558b33c1e4b0b32fcb3b4d77 53e99bd5b7602d970247deb4 53e99dabb7602d970266c069 53e9989bb7602d97020d5f7b 558b5160e4b0b32fcb3bfaec 558c5ef384ae6766fdf2b07d 573696546e3b12023e561a17 53e9a22bb7602d9702b3064e 53e9a12ab7602d9702a1a97e 53e9ac82b7602d9703656356 53e9ac54b7602d9703626140 53e999ffb7602d9702248174 53e99b16b7602d97023a62b2
53e9af53b7602d97039920d5,53e9983db7602d9702066536 53e99bc0b7602d970246adf6 53e99cafb7602d970256102b 53e9af1fb7602d9703956916 53e9b260b7602d9703d047e8 53e9b895b7602d970446d301 53e9b97cb7602d9704569063 53e9bd76b7602d9704a16fbe 53e9aa4fb7602d97033bd051 53e9bbc2b7602d97048111a1 5c77cceb4895d9cbc6539fb0 53e9a689b7602d9702fbd9fd 53e9b7f5b7602d97043a4b43 53e9b745b7602d97042df2b7 53e9b716b7602d97042ae55e 53e9ae29b7602d970383f61a 53e9aae6b7602d97034674fc 53e99a67b7602d97022d68d2 53e9bc61b7602d97048deec0 53e99da4b7602d9702660f78
53e9b6fab7602d9704292fa7,53e9bb15b7602d9704751acb 53e99842b7602d970206ed7a 558c73d8e4b02b9f07a730ba 53e9ab65b7602d97035001db 53e9bc61b7602d97048df20e 53e99f03b7602d97027d29d8 558b418184ae84d265c25c72 53e9b27bb7602d9703d22937 53e9bd0bb7602d9704993fbf 53e99c19b7602d97024c4eee 53e99976b7602d97021b4c04 53e9b66cb7602d97041d1441 53e99f48b7602d970281c026 53e9b6dcb7602d970426c327 53e9a914b7602d97032628a6 56d81594dabfae2eee6f59ca 53e9a447b7602d9702d61b8b 53e997edb7602d9701fec4f3 53e99d96b7602d9702654e44 558b414c84ae84d265c25b65
53e99e28b7602d97026ed138,53e9a9d8b7602d9703336ab8 53e9b267b7602d9703d0933a 53e99d5db7602d97026196c6 53e9ae2eb7602d9703843775 53e9b6e1b7602d970427435e 53e9bbeab7602d9704841579 53e9bdacb7602d9704a569fc 53e99915b7602d9702152b22 53e9b11db7602d9703b9b911 53e9b9b9b7602d97045ae18a 53e9a02db7602d9702911ccb 53e9a3abb7602d9702cbe4c5 5b076eb4da5629516ce7408f 53e9a2e4b7602d9702bedaec 53e9a97bb7602d97032d57ea 573697556e3b12023e63e982 53e9b5c2b7602d970410de74 53e9b477b7602d9703f79c9b 53e99f20b7602d97027f08ae 53e9abcfb7602d970358670c
53e99a0eb7602d970225d2a5,53e9b51bb7602d970404b240 53e9a098b7602d970297cd92 53e9a863b7602d97031b1eef 53e9a95db7602d97032b438e 53e9af40b7602d970397c53f 53e99c19b7602d97024c4396 558c72e0e4b00c3c48e2586c 53e9b641b7602d970419bf46 53e9a49cb7602d9702db855f 53e9b002b7602d9703a584f9 53e9af1fb7602d970395ab83 53e9a515b7602d9702e369a7 573697846e3b12023e66aab4 53e9a6bcb7602d9702ff34c7 53e9baadb7602d97046d7fa8 53e9a6cab7602d9702fff676 53e999a5b7602d97021e9e26 53e9a735b7602d970306f324 53e99c44b7602d97024f5b23 53e9ae5cb7602d97038736d7
53e9a603b7602d9702f2f738,53e9a627b7602d9702f5856f 53e9bdbfb7602d9704a703ca 53e9a59bb7602d9702ec4a6b 53e9baadb7602d97046d7fa8 53e9a508b7602d9702e2bdcd 558b40b284ae84d265c2583f 53e998d4b7602d970210b8ca 53e9afc1b7602d9703a13f91 53e9bb15b7602d9704751acb 53e9be03b7602d9704ab5a9b 53e9acfdb7602d97036d95ac 53e9bc79b7602d97048f9e9b 53e9a6cab7602d9702fff676 53e9a49cb7602d9702db855f 53e9a8d4b7602d9703224417 5550436045ce0a409eb472b9 56d92e7bdabfae2eeeeb491f 53e9a8cdb7602d970321fc1e 53e9b6fab7602d9704292fa7 53e99ac4b7602d9702343c9a
53e9b527b7602d970405b4d7,53e9b815b7602d97043c9eb0 53e9b661b7602d97041c49ff 557d21be6feeaa8086da6f93 53e9b316b7602d9703de1082 53e9ba60b7602d970467b827 53e9a863b7602d97031af33e 53e9b3b1b7602d9703e92d62 53e9b6b0b7602d9704234759 53e9b349b7602d9703e1e5e2 53e9a5b7b7602d9702ee32a1 53e9a974b7602d97032ce4ea 558bd516e4b00c3c48debc82 53e9a308b7602d9702c116db 53e9b655b7602d97041b2831 53e9bdd5b7602d9704a864f3 55503dc245ce0a409eb2773f 53e99f19b7602d97027e84b7 53e999e0b7602d97022289f1 53e99fbcb7602d9702894081 53e9ae29b7602d970383bf12
53e99bd5b7602d970247e3e6,53e9a3ccb7602d9702cdcf15 53e99b8db7602d97024343ba 53e9ac70b7602d970364103b 53e99e13b7602d97026d776a 53e9a17fb7602d9702a722ad 53e9a4d7b7602d9702df8dd4 53e9b55db7602d97040932e8 53e9b68db7602d97041fb604 53e9abfeb7602d97035c0500 5736973b6e3b12023e62b0a1 53e9ae1cb7602d9703829c8f 53e9b360b7602d9703e3ae85 53e9b130b7602d9703bb09b6 53e99eedb7602d97027b883b 53e99976b7602d97021b8b95 558adef684ae84d265c02044 53e9a848b7602d970318e1f7 53e99d5db7602d97026156e1 53e9a18db7602d9702a824ff 53e9bb52b7602d970478ed85
53e9a2e4b7602d9702bf0058,53e9a082b7602d970296cc40 558a5ab8e4b031bae1f7229f 53e99952b7602d9702191465 53e99cbbb7602d970256d523 53e9a396b7602d9702ca75aa 53e9a2b2b7602d9702bbc6a6 53e99ce6b7602d970259b402 557dbcbcd19faf961d1636f0 53e9b65bb7602d97041ba28f 53e99946b7602d9702186e74 53e9bb4bb7602d970478d2af 53e9b550b7602d9704086fc4 53e99c84b7602d970253684f 53e9aa32b7602d97033a0f70 5550462845ce0a409eb5c6e8 53e9ba64b7602d970468226c 558376cc0cf2320d1b998306 5550425245ce0a409eb4192d 5550464745ce0a409eb5d217 5550461a45ce0a409eb5c085
53e9ab69b7602d9703504ad6,53e9b6dcb7602d970426b70b 53e999d8b7602d970221bfe7 53e99e38b7602d97026fa38f 53e99b09b7602d9702397da2 53e9ab78b7602d97035212e9 53e9b3d4b7602d9703ec17cb 53e9a81fb7602d97031675c6 53e9b02fb7602d9703a8ccd4 53e9b5d4b7602d9704125320 53e9a37ab7602d9702c86d04 53e9b2aab7602d9703d5021c 53e9b3c1b7602d9703eaa7bd 53e9b002b7602d9703a5b75e 53e9b556b7602d970408dd59 53e9b2e0b7602d9703d93fc8 53e99fd0b7602d97028ac9d7 53e9bd1eb7602d97049a731a 53e9ad8db7602d970378813a 53e9b037b7602d9703a95f2d 53e99fe4b7602d97028c2142
53e9adcdb7602d97037d29f5,53e9b10fb7602d9703b8df66 53e99dccb7602d970268a28e 53e9b8bab7602d9704497709 53e99eb5b7602d970278163c 53e9a9beb7602d970331c262 53e9a20fb7602d9702b122ea 56d8ec56dabfae2eee589205 599c7a96601a182cd26c88eb 53e9b45eb7602d9703f5a52a 56d81568dabfae2eee6e3312 53e99e6ab7602d970272d6a4 53e9a099b7602d97029826fe 53e9ab69b7602d9703508dba 53e9bae6b7602d9704713c2a 53e9b81cb7602d97043d5076 53e9ac55b7602d9703627c4d 5c7796664895d9cbc62aa8a8 53e99da4b7602d9702662e7e 53e9aa7ab7602d97033f3f60 53e9abaab7602d9703559342
